loss,accuracy,val_loss,val_accuracy
0.0009165543015114963,0.8975785970687866,0.001542321522720158,0.8180885910987854
0.00030615171999670565,0.9456648826599121,0.0009299151133745909,0.8205946087837219
0.0002953103685285896,0.9487404823303223,0.0007923084194771945,0.8180885910987854
0.0002818447828758508,0.9503514766693115,0.0007439327309839427,0.8208224177360535
0.00027022260474041104,0.9543546438217163,0.0005132908700034022,0.8209363222122192
0.00026508470182307065,0.9547451734542847,0.0004407973028719425,0.8896229863166809
0.00025842638569884,0.9553309679031372,0.0005739560583606362,0.818658173084259
0.00025514973094686866,0.9571861028671265,0.00047350386739708483,0.9062535762786865
0.00025143151287920773,0.9573325514793396,0.0005660105380229652,0.9094429612159729
