loss,val_loss
0.01919270120561123,0.04072757065296173
0.013444773852825165,0.02926943451166153
