loss,accuracy,val_loss,val_accuracy
0.001171907759271562,0.8444151282310486,0.0034818234853446484,0.6710331439971924
0.00048730941489338875,0.9263327717781067,0.0017447983846068382,0.6575919985771179
0.0004183328419458121,0.93355792760849,0.001933901570737362,0.8053309321403503
0.0003862633602693677,0.9362917542457581,0.0017271902179345489,0.8180885910987854
0.0003638137422967702,0.9370728135108948,0.001425155089236796,0.8169495463371277
0.000351226597558707,0.9410271644592285,0.0013333437964320183,0.8180885910987854
0.0003389576741028577,0.9409295320510864,0.001554245362058282,0.8180885910987854
0.0003306654980406165,0.9452255368232727,0.0016432796837761998,0.8028249144554138
0.00032305350759997964,0.9434680938720703,0.001512135029770434,0.8180885910987854
